ID,GROUP_SIZE,INIT_BOT_GROUPID,INIT_BOT_COUNT,FILL_RANGE,FILL_CD,FILL_BOT_COUNT,FILL_BOT_GROUPID,FILL_BOT_WEIGHT,FULLFILL_TIME,MIN_PLAYER_NUM,MAX_PLAYER_NUM,FULLFILL_BOT_GROUPID,FULLFILL_BOT_WEIGHT
INT,INT,STRING,STRING,STRING,STRING,STRING,STRING,STRING,INT,INT,INT,INT_ARRAY,INT_ARRAY
#,分组最大人数,初始机器人分组,初始机器人数量范围,建组后时间区间，左闭右开，单位秒,建组后时间区间对应机器人填充间隔，单位为秒,填充机器人数量范围,填充机器人分组,填充机器人分组对应权重,机器人填充最大时间，单位为秒,最小真人个数,最大真人个数,一次性填充机器人分组,一次性填充机器人分组对应权重
1001,30,"{1001,1002}","{2|4,3|5}","{0|1800,1800|3600,3600|99999}","{300|360,240|300,180|240}","{1|2,1|2,1|2}","{1002,1002|1003|1004,1002|1003|1004}","{10,5|10|10,5|10|10}",7200,10,20,1002|1003|1004,5|10|10
1002,30,"{1001,1002}","{0|1,3|5}","{0|1800,1800|3600,3600|99999}","{300|360,240|300,180|240}","{1|2,1|2,1|2}","{1002|1003|1004,1002|1003|1004,1002|1003|1004}","{0|10|10,0|10|10,0|10|10}",7200,10,20,1002|1003|1004,5|10|10
1003,30,"{1001,1002}","{1|2,1|3}","{0|1800,1800|3600,3600|99999}","{300|360,240|300,180|240}","{1|2,1|2,1|2}","{1002|1003|1004,1002|1003|1004,1002|1003|1004}","{0|10|10,0|10|10,0|10|10}",7200,10,20,1002|1003|1004,5|10|10
1011,30,"{1011,1012}","{2|4,3|5}","{0|1800,1800|3600,3600|99999}","{300|360,240|300,180|240}","{1|2,1|2,1|2}","{1012,1012|1013|1014,1012|1013|1014}","{10,5|10|10,5|10|10}",7200,10,20,1012|1013|1014,5|10|10
1012,30,"{1011,1012}","{0|1,3|5}","{0|1800,1800|3600,3600|99999}","{300|360,240|300,180|240}","{1|2,1|2,1|2}","{1012|1013|1014,1012|1013|1014,1012|1013|1014}","{0|10|10,0|10|10,0|10|10}",7200,10,20,1012|1013|1014,5|10|10
1013,30,"{1011,1012}","{1|2,1|3}","{0|1800,1800|3600,3600|99999}","{300|360,240|300,180|240}","{1|2,1|2,1|2}","{1012|1013|1014,1012|1013|1014,1012|1013|1014}","{0|10|10,0|10|10,0|10|10}",7200,10,20,1012|1013|1014,5|10|10
1021,30,"{1021,1022}","{2|4,3|5}","{0|1800,1800|3600,3600|99999}","{300|360,240|300,180|240}","{1|2,1|2,1|2}","{1022,1022|1023|1024,1022|1023|1024}","{10,5|10|10,5|10|10}",7200,10,20,1022|1023|1024,5|10|10
1022,30,"{1021,1022}","{0|1,3|5}","{0|1800,1800|3600,3600|99999}","{300|360,240|300,180|240}","{1|2,1|2,1|2}","{1022|1023|1024,1022|1023|1024,1022|1023|1024}","{0|10|10,0|10|10,0|10|10}",7200,10,20,1022|1023|1024,5|10|10
1023,30,"{1021,1022}","{1|2,1|3}","{0|1800,1800|3600,3600|99999}","{300|360,240|300,180|240}","{1|2,1|2,1|2}","{1022|1023|1024,1022|1023|1024,1022|1023|1024}","{0|10|10,0|10|10,0|10|10}",7200,10,20,1022|1023|1024,5|10|10
1031,30,"{1031,1032}","{1|3,10|15}","{0|1800,1800|3600,3600|99999}","{30|60,30|60,30|60}","{3|5,3|5,3|5}","{1032,1032|1033|1034,1032|1033|1034}","{10,5|10|10,5|10|10}",7200,1,20,1032|1033|1034,5|10|10
1032,30,"{1031,1032}","{1|3,10|15}","{0|1800,1800|3600,3600|99999}","{30|60,30|60,30|60}","{3|5,3|5,3|5}","{1032|1033|1034,1032|1033|1034,1032|1033|1034}","{0|10|10,0|10|10,0|10|10}",7200,1,20,1032|1033|1034,5|10|10
1033,30,"{1031,1032}","{1|2,1|3}","{0|1800,1800|3600,3600|99999}","{300|360,240|300,180|240}","{1|2,1|2,1|2}","{1032|1033|1034,1032|1033|1034,1032|1033|1034}","{0|10|10,0|10|10,0|10|10}",7200,1,20,1032|1033|1034,5|10|10
1101,30,"{1101,1102}","{2|4,3|5}","{0|1800,1800|3600,3600|99999}","{300|360,240|300,180|240}","{1|2,1|2,1|2}","{1102,1102|1103|1104,1102|1103|1104}","{10,5|10|10,5|10|10}",7200,10,20,1102|1103|1104,5|10|10
1102,30,"{1101,1102}","{0|1,3|5}","{0|1800,1800|3600,3600|99999}","{300|360,240|300,180|240}","{1|2,1|2,1|2}","{1102|1103|1104,1102|1103|1104,1102|1103|1104}","{0|10|10,0|10|10,0|10|10}",7200,10,20,1102|1103|1104,5|10|10
1103,30,"{1101,1102}","{1|2,1|3}","{0|1800,1800|3600,3600|99999}","{300|360,240|300,180|240}","{1|2,1|2,1|2}","{1102|1103|1104,1102|1103|1104,1102|1103|1104}","{0|10|10,0|10|10,0|10|10}",7200,10,20,1102|1103|1104,5|10|10
1111,30,"{1111,1112}","{2|4,3|5}","{0|1800,1800|3600,3600|99999}","{300|360,240|300,180|240}","{1|2,1|2,1|2}","{1112,1112|1113|1114,1112|1113|1114}","{10,5|10|10,5|10|10}",7200,10,20,1112|1113|1114,5|10|10
1112,30,"{1111,1112}","{0|1,3|5}","{0|1800,1800|3600,3600|99999}","{300|360,240|300,180|240}","{1|2,1|2,1|2}","{1112|1113|1114,1112|1113|1114,1112|1113|1114}","{0|10|10,0|10|10,0|10|10}",7200,10,20,1112|1113|1114,5|10|10
1113,30,"{1111,1112}","{1|2,1|3}","{0|1800,1800|3600,3600|99999}","{300|360,240|300,180|240}","{1|2,1|2,1|2}","{1112|1113|1114,1112|1113|1114,1112|1113|1114}","{0|10|10,0|10|10,0|10|10}",7200,10,20,1112|1113|1114,5|10|10
1121,30,"{1121,1122}","{2|4,3|5}","{0|1800,1800|3600,3600|99999}","{300|360,240|300,180|240}","{1|2,1|2,1|2}","{1122,1122|1123|1124,1122|1123|1124}","{10,5|10|10,5|10|10}",7200,10,20,1122|1123|1124,5|10|10
1122,30,"{1121,1122}","{0|1,3|5}","{0|1800,1800|3600,3600|99999}","{300|360,240|300,180|240}","{1|2,1|2,1|2}","{1122|1123|1124,1122|1123|1124,1122|1123|1124}","{0|10|10,0|10|10,0|10|10}",7200,10,20,1122|1123|1124,5|10|10
1123,30,"{1121,1122}","{1|2,1|3}","{0|1800,1800|3600,3600|99999}","{300|360,240|300,180|240}","{1|2,1|2,1|2}","{1122|1123|1124,1122|1123|1124,1122|1123|1124}","{0|10|10,0|10|10,0|10|10}",7200,10,20,1122|1123|1124,5|10|10
1131,30,"{1131,1132}","{1|3,10|15}","{0|1800,1800|3600,3600|99999}","{30|60,30|60,30|60}","{3|5,3|5,3|5}","{1132,1132|1133|1134,1132|1133|1134}","{10,5|10|10,5|10|10}",7200,1,20,1132|1133|1134,5|10|10
1132,30,"{1131,1132}","{1|3,10|15}","{0|1800,1800|3600,3600|99999}","{30|60,30|60,30|60}","{3|5,3|5,3|5}","{1132|1133|1134,1132|1133|1134,1132|1133|1134}","{0|10|10,0|10|10,0|10|10}",7200,1,20,1132|1133|1134,5|10|10
1133,30,"{1131,1132}","{1|2,1|3}","{0|1800,1800|3600,3600|99999}","{300|360,240|300,180|240}","{1|2,1|2,1|2}","{1132|1133|1134,1132|1133|1134,1132|1133|1134}","{0|10|10,0|10|10,0|10|10}",7200,1,20,1132|1133|1134,5|10|10
2001,30,"{2001,2002}","{2|4,3|5}","{0|1800,1800|3600,3600|99999}","{300|360,240|300,180|240}","{1|2,1|2,1|2}","{2002,2002|2003|2004,2002|2003|2004}","{10,5|10|10,5|10|10}",7200,10,20,2002|2003|2004,5|10|10
2002,30,"{2001,2002}","{0|1,3|5}","{0|1800,1800|3600,3600|99999}","{300|360,240|300,180|240}","{1|2,1|2,1|2}","{2002|2003|2004,2002|2003|2004,2002|2003|2004}","{0|10|10,0|10|10,0|10|10}",7200,10,20,2002|2003|2004,5|10|10
2003,30,"{2001,2002}","{1|2,1|3}","{0|1800,1800|3600,3600|99999}","{300|360,240|300,180|240}","{1|2,1|2,1|2}","{2002|2003|2004,2002|2003|2004,2002|2003|2004}","{0|10|10,0|10|10,0|10|10}",7200,10,20,2002|2003|2004,5|10|10
2011,30,"{2011,2012}","{2|4,3|5}","{0|1800,1800|3600,3600|99999}","{300|360,240|300,180|240}","{1|2,1|2,1|2}","{2012,2012|2013|2014,2012|2013|2014}","{10,5|10|10,5|10|10}",7200,10,20,2012|2013|2014,5|10|10
2012,30,"{2011,2012}","{0|1,3|5}","{0|1800,1800|3600,3600|99999}","{300|360,240|300,180|240}","{1|2,1|2,1|2}","{2012|2013|2014,2012|2013|2014,2012|2013|2014}","{0|10|10,0|10|10,0|10|10}",7200,10,20,2012|2013|2014,5|10|10
2013,30,"{2011,2012}","{1|2,1|3}","{0|1800,1800|3600,3600|99999}","{300|360,240|300,180|240}","{1|2,1|2,1|2}","{2012|2013|2014,2012|2013|2014,2012|2013|2014}","{0|10|10,0|10|10,0|10|10}",7200,10,20,2012|2013|2014,5|10|10
2021,30,"{2021,2022}","{2|4,3|5}","{0|1800,1800|3600,3600|99999}","{300|360,240|300,180|240}","{1|2,1|2,1|2}","{2022,2022|2023|2024,2022|2023|2024}","{10,5|10|10,5|10|10}",7200,10,20,2022|2023|2024,5|10|10
2022,30,"{2021,2022}","{0|1,3|5}","{0|1800,1800|3600,3600|99999}","{300|360,240|300,180|240}","{1|2,1|2,1|2}","{2022|2023|2024,2022|2023|2024,2022|2023|2024}","{0|10|10,0|10|10,0|10|10}",7200,10,20,2022|2023|2024,5|10|10
2023,30,"{2021,2022}","{1|2,1|3}","{0|1800,1800|3600,3600|99999}","{300|360,240|300,180|240}","{1|2,1|2,1|2}","{2022|2023|2024,2022|2023|2024,2022|2023|2024}","{0|10|10,0|10|10,0|10|10}",7200,10,20,2022|2023|2024,5|10|10
2031,30,"{2031,2032}","{1|3,10|15}","{0|1800,1800|3600,3600|99999}","{30|60,30|60,30|60}","{3|5,3|5,3|5}","{2032,2032|2033|2034,2032|2033|2034}","{10,5|10|10,5|10|10}",7200,1,20,2032|2033|2034,5|10|10
2032,30,"{2031,2032}","{1|3,10|15}","{0|1800,1800|3600,3600|99999}","{30|60,30|60,30|60}","{3|5,3|5,3|5}","{2032|2033|2034,2032|2033|2034,2032|2033|2034}","{0|10|10,0|10|10,0|10|10}",7200,1,20,2032|2033|2034,5|10|10
2033,30,"{2031,2032}","{1|2,1|3}","{0|1800,1800|3600,3600|99999}","{300|360,240|300,180|240}","{1|2,1|2,1|2}","{2032|2033|2034,2032|2033|2034,2032|2033|2034}","{0|10|10,0|10|10,0|10|10}",7200,1,20,2032|2033|2034,5|10|10
2101,30,"{2101,2102}","{2|4,3|5}","{0|1800,1800|3600,3600|99999}","{300|360,240|300,180|240}","{1|2,1|2,1|2}","{2102,2102|2103|2104,2102|2103|2104}","{10,5|10|10,5|10|10}",7200,10,20,2102|2103|2104,5|10|10
2102,30,"{2101,2102}","{0|1,3|5}","{0|1800,1800|3600,3600|99999}","{300|360,240|300,180|240}","{1|2,1|2,1|2}","{2102|2103|2104,2102|2103|2104,2102|2103|2104}","{0|10|10,0|10|10,0|10|10}",7200,10,20,2102|2103|2104,5|10|10
2103,30,"{2101,2102}","{1|2,1|3}","{0|1800,1800|3600,3600|99999}","{300|360,240|300,180|240}","{1|2,1|2,1|2}","{2102|2103|2104,2102|2103|2104,2102|2103|2104}","{0|10|10,0|10|10,0|10|10}",7200,10,20,2102|2103|2104,5|10|10
2111,30,"{2111,2112}","{2|4,3|5}","{0|1800,1800|3600,3600|99999}","{300|360,240|300,180|240}","{1|2,1|2,1|2}","{2112,2112|2113|2114,2112|2113|2114}","{10,5|10|10,5|10|10}",7200,10,20,2112|2113|2114,5|10|10
2112,30,"{2111,2112}","{0|1,3|5}","{0|1800,1800|3600,3600|99999}","{300|360,240|300,180|240}","{1|2,1|2,1|2}","{2112|2113|2114,2112|2113|2114,2112|2113|2114}","{0|10|10,0|10|10,0|10|10}",7200,10,20,2112|2113|2114,5|10|10
2113,30,"{2111,2112}","{1|2,1|3}","{0|1800,1800|3600,3600|99999}","{300|360,240|300,180|240}","{1|2,1|2,1|2}","{2112|2113|2114,2112|2113|2114,2112|2113|2114}","{0|10|10,0|10|10,0|10|10}",7200,10,20,2112|2113|2114,5|10|10
2121,30,"{2121,2122}","{2|4,3|5}","{0|1800,1800|3600,3600|99999}","{300|360,240|300,180|240}","{1|2,1|2,1|2}","{2122,2122|2123|2124,2122|2123|2124}","{10,5|10|10,5|10|10}",7200,10,20,2122|2123|2124,5|10|10
2122,30,"{2121,2122}","{0|1,3|5}","{0|1800,1800|3600,3600|99999}","{300|360,240|300,180|240}","{1|2,1|2,1|2}","{2122|2123|2124,2122|2123|2124,2122|2123|2124}","{0|10|10,0|10|10,0|10|10}",7200,10,20,2122|2123|2124,5|10|10
2123,30,"{2121,2122}","{1|2,1|3}","{0|1800,1800|3600,3600|99999}","{300|360,240|300,180|240}","{1|2,1|2,1|2}","{2122|2123|2124,2122|2123|2124,2122|2123|2124}","{0|10|10,0|10|10,0|10|10}",7200,10,20,2122|2123|2124,5|10|10
2131,30,"{2131,2132}","{1|3,10|15}","{0|1800,1800|3600,3600|99999}","{30|60,30|60,30|60}","{3|5,3|5,3|5}","{2132,2132|2133|2134,2132|2133|2134}","{10,5|10|10,5|10|10}",7200,1,20,2132|2133|2134,5|10|10
2132,30,"{2131,2132}","{1|3,10|15}","{0|1800,1800|3600,3600|99999}","{30|60,30|60,30|60}","{3|5,3|5,3|5}","{2132|2133|2134,2132|2133|2134,2132|2133|2134}","{0|10|10,0|10|10,0|10|10}",7200,1,20,2132|2133|2134,5|10|10
2133,30,"{2131,2132}","{1|2,1|3}","{0|1800,1800|3600,3600|99999}","{300|360,240|300,180|240}","{1|2,1|2,1|2}","{2132|2133|2134,2132|2133|2134,2132|2133|2134}","{0|10|10,0|10|10,0|10|10}",7200,1,20,2132|2133|2134,5|10|10
3001,30,"{3001,3002}","{2|4,3|5}","{0|1800,1800|3600,3600|99999}","{300|360,240|300,180|240}","{1|2,1|2,1|2}","{3002,3002|3003|3004,3002|3003|3004}","{10,5|10|10,5|10|10}",7200,10,20,3002|3003|3004,5|10|10
3002,30,"{3001,3002}","{0|1,3|5}","{0|1800,1800|3600,3600|99999}","{300|360,240|300,180|240}","{1|2,1|2,1|2}","{3002|3003|3004,3002|3003|3004,3002|3003|3004}","{0|10|10,0|10|10,0|10|10}",7200,10,20,3002|3003|3004,5|10|10
3003,30,"{3001,3002}","{1|2,1|3}","{0|1800,1800|3600,3600|99999}","{300|360,240|300,180|240}","{1|2,1|2,1|2}","{3002|3003|3004,3002|3003|3004,3002|3003|3004}","{0|10|10,0|10|10,0|10|10}",7200,10,20,3002|3003|3004,5|10|10
3011,30,"{3011,3012}","{2|4,3|5}","{0|1800,1800|3600,3600|99999}","{300|360,240|300,180|240}","{1|2,1|2,1|2}","{3012,3012|3013|3014,3012|3013|3014}","{10,5|10|10,5|10|10}",7200,10,20,3012|3013|3014,5|10|10
3012,30,"{3011,3012}","{0|1,3|5}","{0|1800,1800|3600,3600|99999}","{300|360,240|300,180|240}","{1|2,1|2,1|2}","{3012|3013|3014,3012|3013|3014,3012|3013|3014}","{0|10|10,0|10|10,0|10|10}",7200,10,20,3012|3013|3014,5|10|10
3013,30,"{3011,3012}","{1|2,1|3}","{0|1800,1800|3600,3600|99999}","{300|360,240|300,180|240}","{1|2,1|2,1|2}","{3012|3013|3014,3012|3013|3014,3012|3013|3014}","{0|10|10,0|10|10,0|10|10}",7200,10,20,3012|3013|3014,5|10|10
3021,30,"{3021,3022}","{2|4,3|5}","{0|1800,1800|3600,3600|99999}","{300|360,240|300,180|240}","{1|2,1|2,1|2}","{3022,3022|3023|3024,3022|3023|3024}","{10,5|10|10,5|10|10}",7200,10,20,3022|3023|3024,5|10|10
3022,30,"{3021,3022}","{0|1,3|5}","{0|1800,1800|3600,3600|99999}","{300|360,240|300,180|240}","{1|2,1|2,1|2}","{3022|3023|3024,3022|3023|3024,3022|3023|3024}","{0|10|10,0|10|10,0|10|10}",7200,10,20,3022|3023|3024,5|10|10
3023,30,"{3021,3022}","{1|2,1|3}","{0|1800,1800|3600,3600|99999}","{300|360,240|300,180|240}","{1|2,1|2,1|2}","{3022|3023|3024,3022|3023|3024,3022|3023|3024}","{0|10|10,0|10|10,0|10|10}",7200,10,20,3022|3023|3024,5|10|10
3031,30,"{3031,3032}","{1|3,10|15}","{0|1800,1800|3600,3600|99999}","{30|60,30|60,30|60}","{3|5,3|5,3|5}","{3032,3032|3033|3034,3032|3033|3034}","{10,5|10|10,5|10|10}",7200,1,20,3032|3033|3034,5|10|10
3032,30,"{3031,3032}","{1|3,10|15}","{0|1800,1800|3600,3600|99999}","{30|60,30|60,30|60}","{3|5,3|5,3|5}","{3032|3033|3034,3032|3033|3034,3032|3033|3034}","{0|10|10,0|10|10,0|10|10}",7200,1,20,3032|3033|3034,5|10|10
3033,30,"{3031,3032}","{1|2,1|3}","{0|1800,1800|3600,3600|99999}","{300|360,240|300,180|240}","{1|2,1|2,1|2}","{3032|3033|3034,3032|3033|3034,3032|3033|3034}","{0|10|10,0|10|10,0|10|10}",7200,1,20,3032|3033|3034,5|10|10
3101,30,"{3101,3102}","{2|4,3|5}","{0|1800,1800|3600,3600|99999}","{300|360,240|300,180|240}","{1|2,1|2,1|2}","{3102,3102|3103|3104,3102|3103|3104}","{10,5|10|10,5|10|10}",7200,10,20,3102|3103|3104,5|10|10
3102,30,"{3101,3102}","{0|1,3|5}","{0|1800,1800|3600,3600|99999}","{300|360,240|300,180|240}","{1|2,1|2,1|2}","{3102|3103|3104,3102|3103|3104,3102|3103|3104}","{0|10|10,0|10|10,0|10|10}",7200,10,20,3102|3103|3104,5|10|10
3103,30,"{3101,3102}","{1|2,1|3}","{0|1800,1800|3600,3600|99999}","{300|360,240|300,180|240}","{1|2,1|2,1|2}","{3102|3103|3104,3102|3103|3104,3102|3103|3104}","{0|10|10,0|10|10,0|10|10}",7200,10,20,3102|3103|3104,5|10|10
3111,30,"{3111,3112}","{2|4,3|5}","{0|1800,1800|3600,3600|99999}","{300|360,240|300,180|240}","{1|2,1|2,1|2}","{3112,3112|3113|3114,3112|3113|3114}","{10,5|10|10,5|10|10}",7200,10,20,3112|3113|3114,5|10|10
3112,30,"{3111,3112}","{0|1,3|5}","{0|1800,1800|3600,3600|99999}","{300|360,240|300,180|240}","{1|2,1|2,1|2}","{3112|3113|3114,3112|3113|3114,3112|3113|3114}","{0|10|10,0|10|10,0|10|10}",7200,10,20,3112|3113|3114,5|10|10
3113,30,"{3111,3112}","{1|2,1|3}","{0|1800,1800|3600,3600|99999}","{300|360,240|300,180|240}","{1|2,1|2,1|2}","{3112|3113|3114,3112|3113|3114,3112|3113|3114}","{0|10|10,0|10|10,0|10|10}",7200,10,20,3112|3113|3114,5|10|10
3121,30,"{3121,3122}","{2|4,3|5}","{0|1800,1800|3600,3600|99999}","{300|360,240|300,180|240}","{1|2,1|2,1|2}","{3122,3122|3123|3124,3122|3123|3124}","{10,5|10|10,5|10|10}",7200,10,20,3122|3123|3124,5|10|10
3122,30,"{3121,3122}","{0|1,3|5}","{0|1800,1800|3600,3600|99999}","{300|360,240|300,180|240}","{1|2,1|2,1|2}","{3122|3123|3124,3122|3123|3124,3122|3123|3124}","{0|10|10,0|10|10,0|10|10}",7200,10,20,3122|3123|3124,5|10|10
3123,30,"{3121,3122}","{1|2,1|3}","{0|1800,1800|3600,3600|99999}","{300|360,240|300,180|240}","{1|2,1|2,1|2}","{3122|3123|3124,3122|3123|3124,3122|3123|3124}","{0|10|10,0|10|10,0|10|10}",7200,10,20,3122|3123|3124,5|10|10
3131,30,"{3131,3132}","{1|3,10|15}","{0|1800,1800|3600,3600|99999}","{30|60,30|60,30|60}","{3|5,3|5,3|5}","{3132,3132|3133|3134,3132|3133|3134}","{10,5|10|10,5|10|10}",7200,1,20,3132|3133|3134,5|10|10
3132,30,"{3131,3132}","{1|3,10|15}","{0|1800,1800|3600,3600|99999}","{30|60,30|60,30|60}","{3|5,3|5,3|5}","{3132|3133|3134,3132|3133|3134,3132|3133|3134}","{0|10|10,0|10|10,0|10|10}",7200,1,20,3132|3133|3134,5|10|10
3133,30,"{3131,3132}","{1|2,1|3}","{0|1800,1800|3600,3600|99999}","{300|360,240|300,180|240}","{1|2,1|2,1|2}","{3132|3133|3134,3132|3133|3134,3132|3133|3134}","{0|10|10,0|10|10,0|10|10}",7200,1,20,3132|3133|3134,5|10|10
4001,30,"{4001,4002}","{2|4,3|5}","{0|1800,1800|3600,3600|99999}","{300|360,240|300,180|240}","{1|2,1|2,1|2}","{4002,4002|4003|4004,4002|4003|4004}","{10,5|10|10,5|10|10}",7200,10,20,4002|4003|4004,5|10|10
4002,30,"{4001,4002}","{0|1,3|5}","{0|1800,1800|3600,3600|99999}","{300|360,240|300,180|240}","{1|2,1|2,1|2}","{4002|4003|4004,4002|4003|4004,4002|4003|4004}","{0|10|10,0|10|10,0|10|10}",7200,10,20,4002|4003|4004,5|10|10
4003,30,"{4001,4002}","{1|2,1|3}","{0|1800,1800|3600,3600|99999}","{300|360,240|300,180|240}","{1|2,1|2,1|2}","{4002|4003|4004,4002|4003|4004,4002|4003|4004}","{0|10|10,0|10|10,0|10|10}",7200,10,20,4002|4003|4004,5|10|10
4011,30,"{4011,4012}","{2|4,3|5}","{0|1800,1800|3600,3600|99999}","{300|360,240|300,180|240}","{1|2,1|2,1|2}","{4012,4012|4013|4014,4012|4013|4014}","{10,5|10|10,5|10|10}",7200,10,20,4012|4013|4014,5|10|10
4012,30,"{4011,4012}","{0|1,3|5}","{0|1800,1800|3600,3600|99999}","{300|360,240|300,180|240}","{1|2,1|2,1|2}","{4012|4013|4014,4012|4013|4014,4012|4013|4014}","{0|10|10,0|10|10,0|10|10}",7200,10,20,4012|4013|4014,5|10|10
4013,30,"{4011,4012}","{1|2,1|3}","{0|1800,1800|3600,3600|99999}","{300|360,240|300,180|240}","{1|2,1|2,1|2}","{4012|4013|4014,4012|4013|4014,4012|4013|4014}","{0|10|10,0|10|10,0|10|10}",7200,10,20,4012|4013|4014,5|10|10
4021,30,"{4021,4022}","{2|4,3|5}","{0|1800,1800|3600,3600|99999}","{300|360,240|300,180|240}","{1|2,1|2,1|2}","{4022,4022|4023|4024,4022|4023|4024}","{10,5|10|10,5|10|10}",7200,10,20,4022|4023|4024,5|10|10
4022,30,"{4021,4022}","{0|1,3|5}","{0|1800,1800|3600,3600|99999}","{300|360,240|300,180|240}","{1|2,1|2,1|2}","{4022|4023|4024,4022|4023|4024,4022|4023|4024}","{0|10|10,0|10|10,0|10|10}",7200,10,20,4022|4023|4024,5|10|10
4023,30,"{4021,4022}","{1|2,1|3}","{0|1800,1800|3600,3600|99999}","{300|360,240|300,180|240}","{1|2,1|2,1|2}","{4022|4023|4024,4022|4023|4024,4022|4023|4024}","{0|10|10,0|10|10,0|10|10}",7200,10,20,4022|4023|4024,5|10|10
4031,30,"{4031,4032}","{1|3,10|15}","{0|1800,1800|3600,3600|99999}","{30|60,30|60,30|60}","{3|5,3|5,3|5}","{4032,4032|4033|4034,4032|4033|4034}","{10,5|10|10,5|10|10}",7200,1,20,4032|4033|4034,5|10|10
4032,30,"{4031,4032}","{1|3,10|15}","{0|1800,1800|3600,3600|99999}","{30|60,30|60,30|60}","{3|5,3|5,3|5}","{4032|4033|4034,4032|4033|4034,4032|4033|4034}","{0|10|10,0|10|10,0|10|10}",7200,1,20,4032|4033|4034,5|10|10
4033,30,"{4031,4032}","{1|2,1|3}","{0|1800,1800|3600,3600|99999}","{300|360,240|300,180|240}","{1|2,1|2,1|2}","{4032|4033|4034,4032|4033|4034,4032|4033|4034}","{0|10|10,0|10|10,0|10|10}",7200,1,20,4032|4033|4034,5|10|10
4101,30,"{4101,4102}","{2|4,3|5}","{0|1800,1800|3600,3600|99999}","{300|360,240|300,180|240}","{1|2,1|2,1|2}","{4102,4102|4103|4104,4102|4103|4104}","{10,5|10|10,5|10|10}",7200,10,20,4102|4103|4104,5|10|10
4102,30,"{4101,4102}","{0|1,3|5}","{0|1800,1800|3600,3600|99999}","{300|360,240|300,180|240}","{1|2,1|2,1|2}","{4102|4103|4104,4102|4103|4104,4102|4103|4104}","{0|10|10,0|10|10,0|10|10}",7200,10,20,4102|4103|4104,5|10|10
4103,30,"{4101,4102}","{1|2,1|3}","{0|1800,1800|3600,3600|99999}","{300|360,240|300,180|240}","{1|2,1|2,1|2}","{4102|4103|4104,4102|4103|4104,4102|4103|4104}","{0|10|10,0|10|10,0|10|10}",7200,10,20,4102|4103|4104,5|10|10
4111,30,"{4111,4112}","{2|4,3|5}","{0|1800,1800|3600,3600|99999}","{300|360,240|300,180|240}","{1|2,1|2,1|2}","{4112,4112|4113|4114,4112|4113|4114}","{10,5|10|10,5|10|10}",7200,10,20,4112|4113|4114,5|10|10
4112,30,"{4111,4112}","{0|1,3|5}","{0|1800,1800|3600,3600|99999}","{300|360,240|300,180|240}","{1|2,1|2,1|2}","{4112|4113|4114,4112|4113|4114,4112|4113|4114}","{0|10|10,0|10|10,0|10|10}",7200,10,20,4112|4113|4114,5|10|10
4113,30,"{4111,4112}","{1|2,1|3}","{0|1800,1800|3600,3600|99999}","{300|360,240|300,180|240}","{1|2,1|2,1|2}","{4112|4113|4114,4112|4113|4114,4112|4113|4114}","{0|10|10,0|10|10,0|10|10}",7200,10,20,4112|4113|4114,5|10|10
4121,30,"{4121,4122}","{2|4,3|5}","{0|1800,1800|3600,3600|99999}","{300|360,240|300,180|240}","{1|2,1|2,1|2}","{4122,4122|4123|4124,4122|4123|4124}","{10,5|10|10,5|10|10}",7200,10,20,4122|4123|4124,5|10|10
4122,30,"{4121,4122}","{0|1,3|5}","{0|1800,1800|3600,3600|99999}","{300|360,240|300,180|240}","{1|2,1|2,1|2}","{4122|4123|4124,4122|4123|4124,4122|4123|4124}","{0|10|10,0|10|10,0|10|10}",7200,10,20,4122|4123|4124,5|10|10
4123,30,"{4121,4122}","{1|2,1|3}","{0|1800,1800|3600,3600|99999}","{300|360,240|300,180|240}","{1|2,1|2,1|2}","{4122|4123|4124,4122|4123|4124,4122|4123|4124}","{0|10|10,0|10|10,0|10|10}",7200,10,20,4122|4123|4124,5|10|10
4131,30,"{4131,4132}","{1|3,10|15}","{0|1800,1800|3600,3600|99999}","{30|60,30|60,30|60}","{3|5,3|5,3|5}","{4132,4132|4133|4134,4132|4133|4134}","{10,5|10|10,5|10|10}",7200,1,20,4132|4133|4134,5|10|10
4132,30,"{4131,4132}","{1|3,10|15}","{0|1800,1800|3600,3600|99999}","{30|60,30|60,30|60}","{3|5,3|5,3|5}","{4132|4133|4134,4132|4133|4134,4132|4133|4134}","{0|10|10,0|10|10,0|10|10}",7200,1,20,4132|4133|4134,5|10|10
4133,30,"{4131,4132}","{1|2,1|3}","{0|1800,1800|3600,3600|99999}","{300|360,240|300,180|240}","{1|2,1|2,1|2}","{4132|4133|4134,4132|4133|4134,4132|4133|4134}","{0|10|10,0|10|10,0|10|10}",7200,1,20,4132|4133|4134,5|10|10
5001,30,"{5001,5002}","{2|4,3|5}","{0|1800,1800|3600,3600|99999}","{300|360,240|300,180|240}","{1|2,1|2,1|2}","{5002,5002|5003|5004,5002|5003|5004}","{10,5|10|10,5|10|10}",7200,10,20,5002|5003|5004,5|10|10
5002,30,"{5001,5002}","{0|1,3|5}","{0|1800,1800|3600,3600|99999}","{300|360,240|300,180|240}","{1|2,1|2,1|2}","{5002|5003|5004,5002|5003|5004,5002|5003|5004}","{0|10|10,0|10|10,0|10|10}",7200,10,20,5002|5003|5004,5|10|10
5003,30,"{5001,5002}","{1|2,1|3}","{0|1800,1800|3600,3600|99999}","{300|360,240|300,180|240}","{1|2,1|2,1|2}","{5002|5003|5004,5002|5003|5004,5002|5003|5004}","{0|10|10,0|10|10,0|10|10}",7200,10,20,5002|5003|5004,5|10|10
5011,30,"{5011,5012}","{2|4,3|5}","{0|1800,1800|3600,3600|99999}","{300|360,240|300,180|240}","{1|2,1|2,1|2}","{5012,5012|5013|5014,5012|5013|5014}","{10,5|10|10,5|10|10}",7200,10,20,5012|5013|5014,5|10|10
5012,30,"{5011,5012}","{0|1,3|5}","{0|1800,1800|3600,3600|99999}","{300|360,240|300,180|240}","{1|2,1|2,1|2}","{5012|5013|5014,5012|5013|5014,5012|5013|5014}","{0|10|10,0|10|10,0|10|10}",7200,10,20,5012|5013|5014,5|10|10
5013,30,"{5011,5012}","{1|2,1|3}","{0|1800,1800|3600,3600|99999}","{300|360,240|300,180|240}","{1|2,1|2,1|2}","{5012|5013|5014,5012|5013|5014,5012|5013|5014}","{0|10|10,0|10|10,0|10|10}",7200,10,20,5012|5013|5014,5|10|10
5021,30,"{5021,5022}","{2|4,3|5}","{0|1800,1800|3600,3600|99999}","{300|360,240|300,180|240}","{1|2,1|2,1|2}","{5022,5022|5023|5024,5022|5023|5024}","{10,5|10|10,5|10|10}",7200,10,20,5022|5023|5024,5|10|10
5022,30,"{5021,5022}","{0|1,3|5}","{0|1800,1800|3600,3600|99999}","{300|360,240|300,180|240}","{1|2,1|2,1|2}","{5022|5023|5024,5022|5023|5024,5022|5023|5024}","{0|10|10,0|10|10,0|10|10}",7200,10,20,5022|5023|5024,5|10|10
5023,30,"{5021,5022}","{1|2,1|3}","{0|1800,1800|3600,3600|99999}","{300|360,240|300,180|240}","{1|2,1|2,1|2}","{5022|5023|5024,5022|5023|5024,5022|5023|5024}","{0|10|10,0|10|10,0|10|10}",7200,10,20,5022|5023|5024,5|10|10
5031,30,"{5031,5032}","{1|3,10|15}","{0|1800,1800|3600,3600|99999}","{30|60,30|60,30|60}","{3|5,3|5,3|5}","{5032,5032|5033|5034,5032|5033|5034}","{10,5|10|10,5|10|10}",7200,1,20,5032|5033|5034,5|10|10
5032,30,"{5031,5032}","{1|3,10|15}","{0|1800,1800|3600,3600|99999}","{30|60,30|60,30|60}","{3|5,3|5,3|5}","{5032|5033|5034,5032|5033|5034,5032|5033|5034}","{0|10|10,0|10|10,0|10|10}",7200,1,20,5032|5033|5034,5|10|10
5033,30,"{5031,5032}","{1|2,1|3}","{0|1800,1800|3600,3600|99999}","{300|360,240|300,180|240}","{1|2,1|2,1|2}","{5032|5033|5034,5032|5033|5034,5032|5033|5034}","{0|10|10,0|10|10,0|10|10}",7200,1,20,5032|5033|5034,5|10|10
5101,30,"{5101,5102}","{2|4,3|5}","{0|1800,1800|3600,3600|99999}","{300|360,240|300,180|240}","{1|2,1|2,1|2}","{5102,5102|5103|5104,5102|5103|5104}","{10,5|10|10,5|10|10}",7200,10,20,5102|5103|5104,5|10|10
5102,30,"{5101,5102}","{0|1,3|5}","{0|1800,1800|3600,3600|99999}","{300|360,240|300,180|240}","{1|2,1|2,1|2}","{5102|5103|5104,5102|5103|5104,5102|5103|5104}","{0|10|10,0|10|10,0|10|10}",7200,10,20,5102|5103|5104,5|10|10
5103,30,"{5101,5102}","{1|2,1|3}","{0|1800,1800|3600,3600|99999}","{300|360,240|300,180|240}","{1|2,1|2,1|2}","{5102|5103|5104,5102|5103|5104,5102|5103|5104}","{0|10|10,0|10|10,0|10|10}",7200,10,20,5102|5103|5104,5|10|10
5111,30,"{5111,5112}","{2|4,3|5}","{0|1800,1800|3600,3600|99999}","{300|360,240|300,180|240}","{1|2,1|2,1|2}","{5112,5112|5113|5114,5112|5113|5114}","{10,5|10|10,5|10|10}",7200,10,20,5112|5113|5114,5|10|10
5112,30,"{5111,5112}","{0|1,3|5}","{0|1800,1800|3600,3600|99999}","{300|360,240|300,180|240}","{1|2,1|2,1|2}","{5112|5113|5114,5112|5113|5114,5112|5113|5114}","{0|10|10,0|10|10,0|10|10}",7200,10,20,5112|5113|5114,5|10|10
5113,30,"{5111,5112}","{1|2,1|3}","{0|1800,1800|3600,3600|99999}","{300|360,240|300,180|240}","{1|2,1|2,1|2}","{5112|5113|5114,5112|5113|5114,5112|5113|5114}","{0|10|10,0|10|10,0|10|10}",7200,10,20,5112|5113|5114,5|10|10
5121,30,"{5121,5122}","{2|4,3|5}","{0|1800,1800|3600,3600|99999}","{300|360,240|300,180|240}","{1|2,1|2,1|2}","{5122,5122|5123|5124,5122|5123|5124}","{10,5|10|10,5|10|10}",7200,10,20,5122|5123|5124,5|10|10
5122,30,"{5121,5122}","{0|1,3|5}","{0|1800,1800|3600,3600|99999}","{300|360,240|300,180|240}","{1|2,1|2,1|2}","{5122|5123|5124,5122|5123|5124,5122|5123|5124}","{0|10|10,0|10|10,0|10|10}",7200,10,20,5122|5123|5124,5|10|10
5123,30,"{5121,5122}","{1|2,1|3}","{0|1800,1800|3600,3600|99999}","{300|360,240|300,180|240}","{1|2,1|2,1|2}","{5122|5123|5124,5122|5123|5124,5122|5123|5124}","{0|10|10,0|10|10,0|10|10}",7200,10,20,5122|5123|5124,5|10|10
5131,30,"{5131,5132}","{1|3,10|15}","{0|1800,1800|3600,3600|99999}","{30|60,30|60,30|60}","{3|5,3|5,3|5}","{5132,5132|5133|5134,5132|5133|5134}","{10,5|10|10,5|10|10}",7200,1,20,5132|5133|5134,5|10|10
5132,30,"{5131,5132}","{1|3,10|15}","{0|1800,1800|3600,3600|99999}","{30|60,30|60,30|60}","{3|5,3|5,3|5}","{5132|5133|5134,5132|5133|5134,5132|5133|5134}","{0|10|10,0|10|10,0|10|10}",7200,1,20,5132|5133|5134,5|10|10
5133,30,"{5131,5132}","{1|2,1|3}","{0|1800,1800|3600,3600|99999}","{300|360,240|300,180|240}","{1|2,1|2,1|2}","{5132|5133|5134,5132|5133|5134,5132|5133|5134}","{0|10|10,0|10|10,0|10|10}",7200,1,20,5132|5133|5134,5|10|10
6001,30,"{6001,6002}","{2|4,3|5}","{0|1800,1800|3600,3600|99999}","{300|360,240|300,180|240}","{1|2,1|2,1|2}","{6002,6002|6003|6004,6002|6003|6004}","{10,5|10|10,5|10|10}",7200,10,20,6002|6003|6004,5|10|10
6002,30,"{6001,6002}","{0|1,3|5}","{0|1800,1800|3600,3600|99999}","{300|360,240|300,180|240}","{1|2,1|2,1|2}","{6002|6003|6004,6002|6003|6004,6002|6003|6004}","{0|10|10,0|10|10,0|10|10}",7200,10,20,6002|6003|6004,5|10|10
6003,30,"{6001,6002}","{1|2,1|3}","{0|1800,1800|3600,3600|99999}","{300|360,240|300,180|240}","{1|2,1|2,1|2}","{6002|6003|6004,6002|6003|6004,6002|6003|6004}","{0|10|10,0|10|10,0|10|10}",7200,10,20,6002|6003|6004,5|10|10
6011,30,"{6011,6012}","{2|4,3|5}","{0|1800,1800|3600,3600|99999}","{300|360,240|300,180|240}","{1|2,1|2,1|2}","{6012,6012|6013|6014,6012|6013|6014}","{10,5|10|10,5|10|10}",7200,10,20,6012|6013|6014,5|10|10
6012,30,"{6011,6012}","{0|1,3|5}","{0|1800,1800|3600,3600|99999}","{300|360,240|300,180|240}","{1|2,1|2,1|2}","{6012|6013|6014,6012|6013|6014,6012|6013|6014}","{0|10|10,0|10|10,0|10|10}",7200,10,20,6012|6013|6014,5|10|10
6013,30,"{6011,6012}","{1|2,1|3}","{0|1800,1800|3600,3600|99999}","{300|360,240|300,180|240}","{1|2,1|2,1|2}","{6012|6013|6014,6012|6013|6014,6012|6013|6014}","{0|10|10,0|10|10,0|10|10}",7200,10,20,6012|6013|6014,5|10|10
6021,30,"{6021,6022}","{2|4,3|5}","{0|1800,1800|3600,3600|99999}","{300|360,240|300,180|240}","{1|2,1|2,1|2}","{6022,6022|6023|6024,6022|6023|6024}","{10,5|10|10,5|10|10}",7200,10,20,6022|6023|6024,5|10|10
6022,30,"{6021,6022}","{0|1,3|5}","{0|1800,1800|3600,3600|99999}","{300|360,240|300,180|240}","{1|2,1|2,1|2}","{6022|6023|6024,6022|6023|6024,6022|6023|6024}","{0|10|10,0|10|10,0|10|10}",7200,10,20,6022|6023|6024,5|10|10
6023,30,"{6021,6022}","{1|2,1|3}","{0|1800,1800|3600,3600|99999}","{300|360,240|300,180|240}","{1|2,1|2,1|2}","{6022|6023|6024,6022|6023|6024,6022|6023|6024}","{0|10|10,0|10|10,0|10|10}",7200,10,20,6022|6023|6024,5|10|10
6031,30,"{6031,6032}","{1|3,10|15}","{0|1800,1800|3600,3600|99999}","{30|60,30|60,30|60}","{3|5,3|5,3|5}","{6032,6032|6033|6034,6032|6033|6034}","{10,5|10|10,5|10|10}",7200,1,20,6032|6033|6034,5|10|10
6032,30,"{6031,6032}","{1|3,10|15}","{0|1800,1800|3600,3600|99999}","{30|60,30|60,30|60}","{3|5,3|5,3|5}","{6032|6033|6034,6032|6033|6034,6032|6033|6034}","{0|10|10,0|10|10,0|10|10}",7200,1,20,6032|6033|6034,5|10|10
6033,30,"{6031,6032}","{1|2,1|3}","{0|1800,1800|3600,3600|99999}","{300|360,240|300,180|240}","{1|2,1|2,1|2}","{6032|6033|6034,6032|6033|6034,6032|6033|6034}","{0|10|10,0|10|10,0|10|10}",7200,1,20,6032|6033|6034,5|10|10
6101,30,"{6101,6102}","{2|4,3|5}","{0|1800,1800|3600,3600|99999}","{300|360,240|300,180|240}","{1|2,1|2,1|2}","{6102,6102|6103|6104,6102|6103|6104}","{10,5|10|10,5|10|10}",7200,10,20,6102|6103|6104,5|10|10
6102,30,"{6101,6102}","{0|1,3|5}","{0|1800,1800|3600,3600|99999}","{300|360,240|300,180|240}","{1|2,1|2,1|2}","{6102|6103|6104,6102|6103|6104,6102|6103|6104}","{0|10|10,0|10|10,0|10|10}",7200,10,20,6102|6103|6104,5|10|10
6103,30,"{6101,6102}","{1|2,1|3}","{0|1800,1800|3600,3600|99999}","{300|360,240|300,180|240}","{1|2,1|2,1|2}","{6102|6103|6104,6102|6103|6104,6102|6103|6104}","{0|10|10,0|10|10,0|10|10}",7200,10,20,6102|6103|6104,5|10|10
6111,30,"{6111,6112}","{2|4,3|5}","{0|1800,1800|3600,3600|99999}","{300|360,240|300,180|240}","{1|2,1|2,1|2}","{6112,6112|6113|6114,6112|6113|6114}","{10,5|10|10,5|10|10}",7200,10,20,6112|6113|6114,5|10|10
6112,30,"{6111,6112}","{0|1,3|5}","{0|1800,1800|3600,3600|99999}","{300|360,240|300,180|240}","{1|2,1|2,1|2}","{6112|6113|6114,6112|6113|6114,6112|6113|6114}","{0|10|10,0|10|10,0|10|10}",7200,10,20,6112|6113|6114,5|10|10
6113,30,"{6111,6112}","{1|2,1|3}","{0|1800,1800|3600,3600|99999}","{300|360,240|300,180|240}","{1|2,1|2,1|2}","{6112|6113|6114,6112|6113|6114,6112|6113|6114}","{0|10|10,0|10|10,0|10|10}",7200,10,20,6112|6113|6114,5|10|10
6121,30,"{6121,6122}","{2|4,3|5}","{0|1800,1800|3600,3600|99999}","{300|360,240|300,180|240}","{1|2,1|2,1|2}","{6122,6122|6123|6124,6122|6123|6124}","{10,5|10|10,5|10|10}",7200,10,20,6122|6123|6124,5|10|10
6122,30,"{6121,6122}","{0|1,3|5}","{0|1800,1800|3600,3600|99999}","{300|360,240|300,180|240}","{1|2,1|2,1|2}","{6122|6123|6124,6122|6123|6124,6122|6123|6124}","{0|10|10,0|10|10,0|10|10}",7200,10,20,6122|6123|6124,5|10|10
6123,30,"{6121,6122}","{1|2,1|3}","{0|1800,1800|3600,3600|99999}","{300|360,240|300,180|240}","{1|2,1|2,1|2}","{6122|6123|6124,6122|6123|6124,6122|6123|6124}","{0|10|10,0|10|10,0|10|10}",7200,10,20,6122|6123|6124,5|10|10
6131,30,"{6131,6132}","{1|3,10|15}","{0|1800,1800|3600,3600|99999}","{30|60,30|60,30|60}","{3|5,3|5,3|5}","{6132,6132|6133|6134,6132|6133|6134}","{10,5|10|10,5|10|10}",7200,1,20,6132|6133|6134,5|10|10
6132,30,"{6131,6132}","{1|3,10|15}","{0|1800,1800|3600,3600|99999}","{30|60,30|60,30|60}","{3|5,3|5,3|5}","{6132|6133|6134,6132|6133|6134,6132|6133|6134}","{0|10|10,0|10|10,0|10|10}",7200,1,20,6132|6133|6134,5|10|10
6133,30,"{6131,6132}","{1|2,1|3}","{0|1800,1800|3600,3600|99999}","{300|360,240|300,180|240}","{1|2,1|2,1|2}","{6132|6133|6134,6132|6133|6134,6132|6133|6134}","{0|10|10,0|10|10,0|10|10}",7200,1,20,6132|6133|6134,5|10|10
7001,30,"{7001,7002}","{2|4,3|5}","{0|1800,1800|3600,3600|99999}","{300|360,240|300,180|240}","{1|2,1|2,1|2}","{7002,7002|7003|7004,7002|7003|7004}","{10,5|10|10,5|10|10}",7200,10,20,7002|7003|7004,5|10|10
7002,30,"{7001,7002}","{0|1,3|5}","{0|1800,1800|3600,3600|99999}","{300|360,240|300,180|240}","{1|2,1|2,1|2}","{7002|7003|7004,7002|7003|7004,7002|7003|7004}","{0|10|10,0|10|10,0|10|10}",7200,10,20,7002|7003|7004,5|10|10
7003,30,"{7001,7002}","{1|2,1|3}","{0|1800,1800|3600,3600|99999}","{300|360,240|300,180|240}","{1|2,1|2,1|2}","{7002|7003|7004,7002|7003|7004,7002|7003|7004}","{0|10|10,0|10|10,0|10|10}",7200,10,20,7002|7003|7004,5|10|10
7011,30,"{7011,7012}","{2|4,3|5}","{0|1800,1800|3600,3600|99999}","{300|360,240|300,180|240}","{1|2,1|2,1|2}","{7012,7012|7013|7014,7012|7013|7014}","{10,5|10|10,5|10|10}",7200,10,20,7012|7013|7014,5|10|10
7012,30,"{7011,7012}","{0|1,3|5}","{0|1800,1800|3600,3600|99999}","{300|360,240|300,180|240}","{1|2,1|2,1|2}","{7012|7013|7014,7012|7013|7014,7012|7013|7014}","{0|10|10,0|10|10,0|10|10}",7200,10,20,7012|7013|7014,5|10|10
7013,30,"{7011,7012}","{1|2,1|3}","{0|1800,1800|3600,3600|99999}","{300|360,240|300,180|240}","{1|2,1|2,1|2}","{7012|7013|7014,7012|7013|7014,7012|7013|7014}","{0|10|10,0|10|10,0|10|10}",7200,10,20,7012|7013|7014,5|10|10
7021,30,"{7021,7022}","{2|4,3|5}","{0|1800,1800|3600,3600|99999}","{300|360,240|300,180|240}","{1|2,1|2,1|2}","{7022,7022|7023|7024,7022|7023|7024}","{10,5|10|10,5|10|10}",7200,10,20,7022|7023|7024,5|10|10
7022,30,"{7021,7022}","{0|1,3|5}","{0|1800,1800|3600,3600|99999}","{300|360,240|300,180|240}","{1|2,1|2,1|2}","{7022|7023|7024,7022|7023|7024,7022|7023|7024}","{0|10|10,0|10|10,0|10|10}",7200,10,20,7022|7023|7024,5|10|10
7023,30,"{7021,7022}","{1|2,1|3}","{0|1800,1800|3600,3600|99999}","{300|360,240|300,180|240}","{1|2,1|2,1|2}","{7022|7023|7024,7022|7023|7024,7022|7023|7024}","{0|10|10,0|10|10,0|10|10}",7200,10,20,7022|7023|7024,5|10|10
7031,30,"{7031,7032}","{1|3,10|15}","{0|1800,1800|3600,3600|99999}","{30|60,30|60,30|60}","{3|5,3|5,3|5}","{7032,7032|7033|7034,7032|7033|7034}","{10,5|10|10,5|10|10}",7200,1,20,7032|7033|7034,5|10|10
7032,30,"{7031,7032}","{1|3,10|15}","{0|1800,1800|3600,3600|99999}","{30|60,30|60,30|60}","{3|5,3|5,3|5}","{7032|7033|7034,7032|7033|7034,7032|7033|7034}","{0|10|10,0|10|10,0|10|10}",7200,1,20,7032|7033|7034,5|10|10
7033,30,"{7031,7032}","{1|2,1|3}","{0|1800,1800|3600,3600|99999}","{300|360,240|300,180|240}","{1|2,1|2,1|2}","{7032|7033|7034,7032|7033|7034,7032|7033|7034}","{0|10|10,0|10|10,0|10|10}",7200,1,20,7032|7033|7034,5|10|10
7101,30,"{7101,7102}","{2|4,3|5}","{0|1800,1800|3600,3600|99999}","{300|360,240|300,180|240}","{1|2,1|2,1|2}","{7102,7102|7103|7104,7102|7103|7104}","{10,5|10|10,5|10|10}",7200,10,20,7102|7103|7104,5|10|10
7102,30,"{7101,7102}","{0|1,3|5}","{0|1800,1800|3600,3600|99999}","{300|360,240|300,180|240}","{1|2,1|2,1|2}","{7102|7103|7104,7102|7103|7104,7102|7103|7104}","{0|10|10,0|10|10,0|10|10}",7200,10,20,7102|7103|7104,5|10|10
7103,30,"{7101,7102}","{1|2,1|3}","{0|1800,1800|3600,3600|99999}","{300|360,240|300,180|240}","{1|2,1|2,1|2}","{7102|7103|7104,7102|7103|7104,7102|7103|7104}","{0|10|10,0|10|10,0|10|10}",7200,10,20,7102|7103|7104,5|10|10
7111,30,"{7111,7112}","{2|4,3|5}","{0|1800,1800|3600,3600|99999}","{300|360,240|300,180|240}","{1|2,1|2,1|2}","{7112,7112|7113|7114,7112|7113|7114}","{10,5|10|10,5|10|10}",7200,10,20,7112|7113|7114,5|10|10
7112,30,"{7111,7112}","{0|1,3|5}","{0|1800,1800|3600,3600|99999}","{300|360,240|300,180|240}","{1|2,1|2,1|2}","{7112|7113|7114,7112|7113|7114,7112|7113|7114}","{0|10|10,0|10|10,0|10|10}",7200,10,20,7112|7113|7114,5|10|10
7113,30,"{7111,7112}","{1|2,1|3}","{0|1800,1800|3600,3600|99999}","{300|360,240|300,180|240}","{1|2,1|2,1|2}","{7112|7113|7114,7112|7113|7114,7112|7113|7114}","{0|10|10,0|10|10,0|10|10}",7200,10,20,7112|7113|7114,5|10|10
7121,30,"{7121,7122}","{2|4,3|5}","{0|1800,1800|3600,3600|99999}","{300|360,240|300,180|240}","{1|2,1|2,1|2}","{7122,7122|7123|7124,7122|7123|7124}","{10,5|10|10,5|10|10}",7200,10,20,7122|7123|7124,5|10|10
7122,30,"{7121,7122}","{0|1,3|5}","{0|1800,1800|3600,3600|99999}","{300|360,240|300,180|240}","{1|2,1|2,1|2}","{7122|7123|7124,7122|7123|7124,7122|7123|7124}","{0|10|10,0|10|10,0|10|10}",7200,10,20,7122|7123|7124,5|10|10
7123,30,"{7121,7122}","{1|2,1|3}","{0|1800,1800|3600,3600|99999}","{300|360,240|300,180|240}","{1|2,1|2,1|2}","{7122|7123|7124,7122|7123|7124,7122|7123|7124}","{0|10|10,0|10|10,0|10|10}",7200,10,20,7122|7123|7124,5|10|10
7131,30,"{7131,7132}","{1|3,10|15}","{0|1800,1800|3600,3600|99999}","{30|60,30|60,30|60}","{3|5,3|5,3|5}","{7132,7132|7133|7134,7132|7133|7134}","{10,5|10|10,5|10|10}",7200,1,20,7132|7133|7134,5|10|10
7132,30,"{7131,7132}","{1|3,10|15}","{0|1800,1800|3600,3600|99999}","{30|60,30|60,30|60}","{3|5,3|5,3|5}","{7132|7133|7134,7132|7133|7134,7132|7133|7134}","{0|10|10,0|10|10,0|10|10}",7200,1,20,7132|7133|7134,5|10|10
7133,30,"{7131,7132}","{1|2,1|3}","{0|1800,1800|3600,3600|99999}","{300|360,240|300,180|240}","{1|2,1|2,1|2}","{7132|7133|7134,7132|7133|7134,7132|7133|7134}","{0|10|10,0|10|10,0|10|10}",7200,1,20,7132|7133|7134,5|10|10
8001,30,"{8001,8002}","{2|4,3|5}","{0|1800,1800|3600,3600|99999}","{300|360,240|300,180|240}","{1|2,1|2,1|2}","{8002,8002|8003|8004,8002|8003|8004}","{10,5|10|10,5|10|10}",7200,10,20,8002|8003|8004,5|10|10
8002,30,"{8001,8002}","{0|1,3|5}","{0|1800,1800|3600,3600|99999}","{300|360,240|300,180|240}","{1|2,1|2,1|2}","{8002|8003|8004,8002|8003|8004,8002|8003|8004}","{0|10|10,0|10|10,0|10|10}",7200,10,20,8002|8003|8004,5|10|10
8003,30,"{8001,8002}","{1|2,1|3}","{0|1800,1800|3600,3600|99999}","{300|360,240|300,180|240}","{1|2,1|2,1|2}","{8002|8003|8004,8002|8003|8004,8002|8003|8004}","{0|10|10,0|10|10,0|10|10}",7200,10,20,8002|8003|8004,5|10|10
8011,30,"{8011,8012}","{2|4,3|5}","{0|1800,1800|3600,3600|99999}","{300|360,240|300,180|240}","{1|2,1|2,1|2}","{8012,8012|8013|8014,8012|8013|8014}","{10,5|10|10,5|10|10}",7200,10,20,8012|8013|8014,5|10|10
8012,30,"{8011,8012}","{0|1,3|5}","{0|1800,1800|3600,3600|99999}","{300|360,240|300,180|240}","{1|2,1|2,1|2}","{8012|8013|8014,8012|8013|8014,8012|8013|8014}","{0|10|10,0|10|10,0|10|10}",7200,10,20,8012|8013|8014,5|10|10
8013,30,"{8011,8012}","{1|2,1|3}","{0|1800,1800|3600,3600|99999}","{300|360,240|300,180|240}","{1|2,1|2,1|2}","{8012|8013|8014,8012|8013|8014,8012|8013|8014}","{0|10|10,0|10|10,0|10|10}",7200,10,20,8012|8013|8014,5|10|10
8021,30,"{8021,8022}","{2|4,3|5}","{0|1800,1800|3600,3600|99999}","{300|360,240|300,180|240}","{1|2,1|2,1|2}","{8022,8022|8023|8024,8022|8023|8024}","{10,5|10|10,5|10|10}",7200,10,20,8022|8023|8024,5|10|10
8022,30,"{8021,8022}","{0|1,3|5}","{0|1800,1800|3600,3600|99999}","{300|360,240|300,180|240}","{1|2,1|2,1|2}","{8022|8023|8024,8022|8023|8024,8022|8023|8024}","{0|10|10,0|10|10,0|10|10}",7200,10,20,8022|8023|8024,5|10|10
8023,30,"{8021,8022}","{1|2,1|3}","{0|1800,1800|3600,3600|99999}","{300|360,240|300,180|240}","{1|2,1|2,1|2}","{8022|8023|8024,8022|8023|8024,8022|8023|8024}","{0|10|10,0|10|10,0|10|10}",7200,10,20,8022|8023|8024,5|10|10
8031,30,"{8031,8032}","{1|3,10|15}","{0|1800,1800|3600,3600|99999}","{30|60,30|60,30|60}","{3|5,3|5,3|5}","{8032,8032|8033|8034,8032|8033|8034}","{10,5|10|10,5|10|10}",7200,1,20,8032|8033|8034,5|10|10
8032,30,"{8031,8032}","{1|3,10|15}","{0|1800,1800|3600,3600|99999}","{30|60,30|60,30|60}","{3|5,3|5,3|5}","{8032|8033|8034,8032|8033|8034,8032|8033|8034}","{0|10|10,0|10|10,0|10|10}",7200,1,20,8032|8033|8034,5|10|10
8033,30,"{8031,8032}","{1|2,1|3}","{0|1800,1800|3600,3600|99999}","{300|360,240|300,180|240}","{1|2,1|2,1|2}","{8032|8033|8034,8032|8033|8034,8032|8033|8034}","{0|10|10,0|10|10,0|10|10}",7200,1,20,8032|8033|8034,5|10|10
8101,30,"{8101,8102}","{2|4,3|5}","{0|1800,1800|3600,3600|99999}","{300|360,240|300,180|240}","{1|2,1|2,1|2}","{8102,8102|8103|8104,8102|8103|8104}","{10,5|10|10,5|10|10}",7200,10,20,8102|8103|8104,5|10|10
8102,30,"{8101,8102}","{0|1,3|5}","{0|1800,1800|3600,3600|99999}","{300|360,240|300,180|240}","{1|2,1|2,1|2}","{8102|8103|8104,8102|8103|8104,8102|8103|8104}","{0|10|10,0|10|10,0|10|10}",7200,10,20,8102|8103|8104,5|10|10
8103,30,"{8101,8102}","{1|2,1|3}","{0|1800,1800|3600,3600|99999}","{300|360,240|300,180|240}","{1|2,1|2,1|2}","{8102|8103|8104,8102|8103|8104,8102|8103|8104}","{0|10|10,0|10|10,0|10|10}",7200,10,20,8102|8103|8104,5|10|10
8111,30,"{8111,8112}","{2|4,3|5}","{0|1800,1800|3600,3600|99999}","{300|360,240|300,180|240}","{1|2,1|2,1|2}","{8112,8112|8113|8114,8112|8113|8114}","{10,5|10|10,5|10|10}",7200,10,20,8112|8113|8114,5|10|10
8112,30,"{8111,8112}","{0|1,3|5}","{0|1800,1800|3600,3600|99999}","{300|360,240|300,180|240}","{1|2,1|2,1|2}","{8112|8113|8114,8112|8113|8114,8112|8113|8114}","{0|10|10,0|10|10,0|10|10}",7200,10,20,8112|8113|8114,5|10|10
8113,30,"{8111,8112}","{1|2,1|3}","{0|1800,1800|3600,3600|99999}","{300|360,240|300,180|240}","{1|2,1|2,1|2}","{8112|8113|8114,8112|8113|8114,8112|8113|8114}","{0|10|10,0|10|10,0|10|10}",7200,10,20,8112|8113|8114,5|10|10
8121,30,"{8121,8122}","{2|4,3|5}","{0|1800,1800|3600,3600|99999}","{300|360,240|300,180|240}","{1|2,1|2,1|2}","{8122,8122|8123|8124,8122|8123|8124}","{10,5|10|10,5|10|10}",7200,10,20,8122|8123|8124,5|10|10
8122,30,"{8121,8122}","{0|1,3|5}","{0|1800,1800|3600,3600|99999}","{300|360,240|300,180|240}","{1|2,1|2,1|2}","{8122|8123|8124,8122|8123|8124,8122|8123|8124}","{0|10|10,0|10|10,0|10|10}",7200,10,20,8122|8123|8124,5|10|10
8123,30,"{8121,8122}","{1|2,1|3}","{0|1800,1800|3600,3600|99999}","{300|360,240|300,180|240}","{1|2,1|2,1|2}","{8122|8123|8124,8122|8123|8124,8122|8123|8124}","{0|10|10,0|10|10,0|10|10}",7200,10,20,8122|8123|8124,5|10|10
8131,30,"{8131,8132}","{1|3,10|15}","{0|1800,1800|3600,3600|99999}","{30|60,30|60,30|60}","{3|5,3|5,3|5}","{8132,8132|8133|8134,8132|8133|8134}","{10,5|10|10,5|10|10}",7200,1,20,8132|8133|8134,5|10|10
8132,30,"{8131,8132}","{1|3,10|15}","{0|1800,1800|3600,3600|99999}","{30|60,30|60,30|60}","{3|5,3|5,3|5}","{8132|8133|8134,8132|8133|8134,8132|8133|8134}","{0|10|10,0|10|10,0|10|10}",7200,1,20,8132|8133|8134,5|10|10
8133,30,"{8131,8132}","{1|2,1|3}","{0|1800,1800|3600,3600|99999}","{300|360,240|300,180|240}","{1|2,1|2,1|2}","{8132|8133|8134,8132|8133|8134,8132|8133|8134}","{0|10|10,0|10|10,0|10|10}",7200,1,20,8132|8133|8134,5|10|10
9001,30,"{9001,9002}","{2|4,3|5}","{0|1800,1800|3600,3600|99999}","{300|360,240|300,180|240}","{1|2,1|2,1|2}","{9002,9002|9003|9004,9002|9003|9004}","{10,5|10|10,5|10|10}",7200,10,20,9002|9003|9004,5|10|10
9002,30,"{9001,9002}","{0|1,3|5}","{0|1800,1800|3600,3600|99999}","{300|360,240|300,180|240}","{1|2,1|2,1|2}","{9002|9003|9004,9002|9003|9004,9002|9003|9004}","{0|10|10,0|10|10,0|10|10}",7200,10,20,9002|9003|9004,5|10|10
9003,30,"{9001,9002}","{1|2,1|3}","{0|1800,1800|3600,3600|99999}","{300|360,240|300,180|240}","{1|2,1|2,1|2}","{9002|9003|9004,9002|9003|9004,9002|9003|9004}","{0|10|10,0|10|10,0|10|10}",7200,10,20,9002|9003|9004,5|10|10
9011,30,"{9011,9012}","{2|4,3|5}","{0|1800,1800|3600,3600|99999}","{300|360,240|300,180|240}","{1|2,1|2,1|2}","{9012,9012|9013|9014,9012|9013|9014}","{10,5|10|10,5|10|10}",7200,10,20,9012|9013|9014,5|10|10
9012,30,"{9011,9012}","{0|1,3|5}","{0|1800,1800|3600,3600|99999}","{300|360,240|300,180|240}","{1|2,1|2,1|2}","{9012|9013|9014,9012|9013|9014,9012|9013|9014}","{0|10|10,0|10|10,0|10|10}",7200,10,20,9012|9013|9014,5|10|10
9013,30,"{9011,9012}","{1|2,1|3}","{0|1800,1800|3600,3600|99999}","{300|360,240|300,180|240}","{1|2,1|2,1|2}","{9012|9013|9014,9012|9013|9014,9012|9013|9014}","{0|10|10,0|10|10,0|10|10}",7200,10,20,9012|9013|9014,5|10|10
9021,30,"{9021,9022}","{2|4,3|5}","{0|1800,1800|3600,3600|99999}","{300|360,240|300,180|240}","{1|2,1|2,1|2}","{9022,9022|9023|9024,9022|9023|9024}","{10,5|10|10,5|10|10}",7200,10,20,9022|9023|9024,5|10|10
9022,30,"{9021,9022}","{0|1,3|5}","{0|1800,1800|3600,3600|99999}","{300|360,240|300,180|240}","{1|2,1|2,1|2}","{9022|9023|9024,9022|9023|9024,9022|9023|9024}","{0|10|10,0|10|10,0|10|10}",7200,10,20,9022|9023|9024,5|10|10
9023,30,"{9021,9022}","{1|2,1|3}","{0|1800,1800|3600,3600|99999}","{300|360,240|300,180|240}","{1|2,1|2,1|2}","{9022|9023|9024,9022|9023|9024,9022|9023|9024}","{0|10|10,0|10|10,0|10|10}",7200,10,20,9022|9023|9024,5|10|10
9031,30,"{9031,9032}","{1|3,10|15}","{0|1800,1800|3600,3600|99999}","{30|60,30|60,30|60}","{3|5,3|5,3|5}","{9032,9032|9033|9034,9032|9033|9034}","{10,5|10|10,5|10|10}",7200,1,20,9032|9033|9034,5|10|10
9032,30,"{9031,9032}","{1|3,10|15}","{0|1800,1800|3600,3600|99999}","{30|60,30|60,30|60}","{3|5,3|5,3|5}","{9032|9033|9034,9032|9033|9034,9032|9033|9034}","{0|10|10,0|10|10,0|10|10}",7200,1,20,9032|9033|9034,5|10|10
9033,30,"{9031,9032}","{1|2,1|3}","{0|1800,1800|3600,3600|99999}","{300|360,240|300,180|240}","{1|2,1|2,1|2}","{9032|9033|9034,9032|9033|9034,9032|9033|9034}","{0|10|10,0|10|10,0|10|10}",7200,1,20,9032|9033|9034,5|10|10
9101,30,"{9101,9102}","{2|4,3|5}","{0|1800,1800|3600,3600|99999}","{300|360,240|300,180|240}","{1|2,1|2,1|2}","{9102,9102|9103|9104,9102|9103|9104}","{10,5|10|10,5|10|10}",7200,10,20,9102|9103|9104,5|10|10
9102,30,"{9101,9102}","{0|1,3|5}","{0|1800,1800|3600,3600|99999}","{300|360,240|300,180|240}","{1|2,1|2,1|2}","{9102|9103|9104,9102|9103|9104,9102|9103|9104}","{0|10|10,0|10|10,0|10|10}",7200,10,20,9102|9103|9104,5|10|10
9103,30,"{9101,9102}","{1|2,1|3}","{0|1800,1800|3600,3600|99999}","{300|360,240|300,180|240}","{1|2,1|2,1|2}","{9102|9103|9104,9102|9103|9104,9102|9103|9104}","{0|10|10,0|10|10,0|10|10}",7200,10,20,9102|9103|9104,5|10|10
9111,30,"{9111,9112}","{2|4,3|5}","{0|1800,1800|3600,3600|99999}","{300|360,240|300,180|240}","{1|2,1|2,1|2}","{9112,9112|9113|9114,9112|9113|9114}","{10,5|10|10,5|10|10}",7200,10,20,9112|9113|9114,5|10|10
9112,30,"{9111,9112}","{0|1,3|5}","{0|1800,1800|3600,3600|99999}","{300|360,240|300,180|240}","{1|2,1|2,1|2}","{9112|9113|9114,9112|9113|9114,9112|9113|9114}","{0|10|10,0|10|10,0|10|10}",7200,10,20,9112|9113|9114,5|10|10
9113,30,"{9111,9112}","{1|2,1|3}","{0|1800,1800|3600,3600|99999}","{300|360,240|300,180|240}","{1|2,1|2,1|2}","{9112|9113|9114,9112|9113|9114,9112|9113|9114}","{0|10|10,0|10|10,0|10|10}",7200,10,20,9112|9113|9114,5|10|10
9121,30,"{9121,9122}","{2|4,3|5}","{0|1800,1800|3600,3600|99999}","{300|360,240|300,180|240}","{1|2,1|2,1|2}","{9122,9122|9123|9124,9122|9123|9124}","{10,5|10|10,5|10|10}",7200,10,20,9122|9123|9124,5|10|10
9122,30,"{9121,9122}","{0|1,3|5}","{0|1800,1800|3600,3600|99999}","{300|360,240|300,180|240}","{1|2,1|2,1|2}","{9122|9123|9124,9122|9123|9124,9122|9123|9124}","{0|10|10,0|10|10,0|10|10}",7200,10,20,9122|9123|9124,5|10|10
9123,30,"{9121,9122}","{1|2,1|3}","{0|1800,1800|3600,3600|99999}","{300|360,240|300,180|240}","{1|2,1|2,1|2}","{9122|9123|9124,9122|9123|9124,9122|9123|9124}","{0|10|10,0|10|10,0|10|10}",7200,10,20,9122|9123|9124,5|10|10
9131,30,"{9131,9132}","{1|3,10|15}","{0|1800,1800|3600,3600|99999}","{30|60,30|60,30|60}","{3|5,3|5,3|5}","{9132,9132|9133|9134,9132|9133|9134}","{10,5|10|10,5|10|10}",7200,1,20,9132|9133|9134,5|10|10
9132,30,"{9131,9132}","{1|3,10|15}","{0|1800,1800|3600,3600|99999}","{30|60,30|60,30|60}","{3|5,3|5,3|5}","{9132|9133|9134,9132|9133|9134,9132|9133|9134}","{0|10|10,0|10|10,0|10|10}",7200,1,20,9132|9133|9134,5|10|10
9133,30,"{9131,9132}","{1|2,1|3}","{0|1800,1800|3600,3600|99999}","{300|360,240|300,180|240}","{1|2,1|2,1|2}","{9132|9133|9134,9132|9133|9134,9132|9133|9134}","{0|10|10,0|10|10,0|10|10}",7200,1,20,9132|9133|9134,5|10|10
10001,30,"{10001,10002}","{2|4,3|5}","{0|1800,1800|3600,3600|99999}","{300|360,240|300,180|240}","{1|2,1|2,1|2}","{10002,10002|10003|10004,10002|10003|10004}","{10,5|10|10,5|10|10}",7200,10,20,10002|10003|10004,5|10|10
10002,30,"{10001,10002}","{0|1,3|5}","{0|1800,1800|3600,3600|99999}","{300|360,240|300,180|240}","{1|2,1|2,1|2}","{10002|10003|10004,10002|10003|10004,10002|10003|10004}","{0|10|10,0|10|10,0|10|10}",7200,10,20,10002|10003|10004,5|10|10
10003,30,"{10001,10002}","{1|2,1|3}","{0|1800,1800|3600,3600|99999}","{300|360,240|300,180|240}","{1|2,1|2,1|2}","{10002|10003|10004,10002|10003|10004,10002|10003|10004}","{0|10|10,0|10|10,0|10|10}",7200,10,20,10002|10003|10004,5|10|10
10011,30,"{10011,10012}","{2|4,3|5}","{0|1800,1800|3600,3600|99999}","{300|360,240|300,180|240}","{1|2,1|2,1|2}","{10012,10012|10013|10014,10012|10013|10014}","{10,5|10|10,5|10|10}",7200,10,20,10012|10013|10014,5|10|10
10012,30,"{10011,10012}","{0|1,3|5}","{0|1800,1800|3600,3600|99999}","{300|360,240|300,180|240}","{1|2,1|2,1|2}","{10012|10013|10014,10012|10013|10014,10012|10013|10014}","{0|10|10,0|10|10,0|10|10}",7200,10,20,10012|10013|10014,5|10|10
10013,30,"{10011,10012}","{1|2,1|3}","{0|1800,1800|3600,3600|99999}","{300|360,240|300,180|240}","{1|2,1|2,1|2}","{10012|10013|10014,10012|10013|10014,10012|10013|10014}","{0|10|10,0|10|10,0|10|10}",7200,10,20,10012|10013|10014,5|10|10
10021,30,"{10021,10022}","{2|4,3|5}","{0|1800,1800|3600,3600|99999}","{300|360,240|300,180|240}","{1|2,1|2,1|2}","{10022,10022|10023|10024,10022|10023|10024}","{10,5|10|10,5|10|10}",7200,10,20,10022|10023|10024,5|10|10
10022,30,"{10021,10022}","{0|1,3|5}","{0|1800,1800|3600,3600|99999}","{300|360,240|300,180|240}","{1|2,1|2,1|2}","{10022|10023|10024,10022|10023|10024,10022|10023|10024}","{0|10|10,0|10|10,0|10|10}",7200,10,20,10022|10023|10024,5|10|10
10023,30,"{10021,10022}","{1|2,1|3}","{0|1800,1800|3600,3600|99999}","{300|360,240|300,180|240}","{1|2,1|2,1|2}","{10022|10023|10024,10022|10023|10024,10022|10023|10024}","{0|10|10,0|10|10,0|10|10}",7200,10,20,10022|10023|10024,5|10|10
10031,30,"{10031,10032}","{1|3,10|15}","{0|1800,1800|3600,3600|99999}","{30|60,30|60,30|60}","{3|5,3|5,3|5}","{10032,10032|10033|10034,10032|10033|10034}","{10,5|10|10,5|10|10}",7200,1,20,10032|10033|10034,5|10|10
10032,30,"{10031,10032}","{1|3,10|15}","{0|1800,1800|3600,3600|99999}","{30|60,30|60,30|60}","{3|5,3|5,3|5}","{10032|10033|10034,10032|10033|10034,10032|10033|10034}","{0|10|10,0|10|10,0|10|10}",7200,1,20,10032|10033|10034,5|10|10
10033,30,"{10031,10032}","{1|2,1|3}","{0|1800,1800|3600,3600|99999}","{300|360,240|300,180|240}","{1|2,1|2,1|2}","{10032|10033|10034,10032|10033|10034,10032|10033|10034}","{0|10|10,0|10|10,0|10|10}",7200,1,20,10032|10033|10034,5|10|10
10101,30,"{10101,10102}","{2|4,3|5}","{0|1800,1800|3600,3600|99999}","{300|360,240|300,180|240}","{1|2,1|2,1|2}","{10102,10102|10103|10104,10102|10103|10104}","{10,5|10|10,5|10|10}",7200,10,20,10102|10103|10104,5|10|10
10102,30,"{10101,10102}","{0|1,3|5}","{0|1800,1800|3600,3600|99999}","{300|360,240|300,180|240}","{1|2,1|2,1|2}","{10102|10103|10104,10102|10103|10104,10102|10103|10104}","{0|10|10,0|10|10,0|10|10}",7200,10,20,10102|10103|10104,5|10|10
10103,30,"{10101,10102}","{1|2,1|3}","{0|1800,1800|3600,3600|99999}","{300|360,240|300,180|240}","{1|2,1|2,1|2}","{10102|10103|10104,10102|10103|10104,10102|10103|10104}","{0|10|10,0|10|10,0|10|10}",7200,10,20,10102|10103|10104,5|10|10
10111,30,"{10111,10112}","{2|4,3|5}","{0|1800,1800|3600,3600|99999}","{300|360,240|300,180|240}","{1|2,1|2,1|2}","{10112,10112|10113|10114,10112|10113|10114}","{10,5|10|10,5|10|10}",7200,10,20,10112|10113|10114,5|10|10
10112,30,"{10111,10112}","{0|1,3|5}","{0|1800,1800|3600,3600|99999}","{300|360,240|300,180|240}","{1|2,1|2,1|2}","{10112|10113|10114,10112|10113|10114,10112|10113|10114}","{0|10|10,0|10|10,0|10|10}",7200,10,20,10112|10113|10114,5|10|10
10113,30,"{10111,10112}","{1|2,1|3}","{0|1800,1800|3600,3600|99999}","{300|360,240|300,180|240}","{1|2,1|2,1|2}","{10112|10113|10114,10112|10113|10114,10112|10113|10114}","{0|10|10,0|10|10,0|10|10}",7200,10,20,10112|10113|10114,5|10|10
10121,30,"{10121,10122}","{2|4,3|5}","{0|1800,1800|3600,3600|99999}","{300|360,240|300,180|240}","{1|2,1|2,1|2}","{10122,10122|10123|10124,10122|10123|10124}","{10,5|10|10,5|10|10}",7200,10,20,10122|10123|10124,5|10|10
10122,30,"{10121,10122}","{0|1,3|5}","{0|1800,1800|3600,3600|99999}","{300|360,240|300,180|240}","{1|2,1|2,1|2}","{10122|10123|10124,10122|10123|10124,10122|10123|10124}","{0|10|10,0|10|10,0|10|10}",7200,10,20,10122|10123|10124,5|10|10
10123,30,"{10121,10122}","{1|2,1|3}","{0|1800,1800|3600,3600|99999}","{300|360,240|300,180|240}","{1|2,1|2,1|2}","{10122|10123|10124,10122|10123|10124,10122|10123|10124}","{0|10|10,0|10|10,0|10|10}",7200,10,20,10122|10123|10124,5|10|10
10131,30,"{10131,10132}","{1|3,10|15}","{0|1800,1800|3600,3600|99999}","{30|60,30|60,30|60}","{3|5,3|5,3|5}","{10132,10132|10133|10134,10132|10133|10134}","{10,5|10|10,5|10|10}",7200,1,20,10132|10133|10134,5|10|10
10132,30,"{10131,10132}","{1|3,10|15}","{0|1800,1800|3600,3600|99999}","{30|60,30|60,30|60}","{3|5,3|5,3|5}","{10132|10133|10134,10132|10133|10134,10132|10133|10134}","{0|10|10,0|10|10,0|10|10}",7200,1,20,10132|10133|10134,5|10|10
10133,30,"{10131,10132}","{1|2,1|3}","{0|1800,1800|3600,3600|99999}","{300|360,240|300,180|240}","{1|2,1|2,1|2}","{10132|10133|10134,10132|10133|10134,10132|10133|10134}","{0|10|10,0|10|10,0|10|10}",7200,1,20,10132|10133|10134,5|10|10
11001,30,"{11001,11002}","{2|4,3|5}","{0|1800,1800|3600,3600|99999}","{300|360,240|300,180|240}","{1|2,1|2,1|2}","{11002,11002|11003|11004,11002|11003|11004}","{10,5|10|10,5|10|10}",7200,10,20,11002|11003|11004,5|10|10
11002,30,"{11001,11002}","{0|1,3|5}","{0|1800,1800|3600,3600|99999}","{300|360,240|300,180|240}","{1|2,1|2,1|2}","{11002|11003|11004,11002|11003|11004,11002|11003|11004}","{0|10|10,0|10|10,0|10|10}",7200,10,20,11002|11003|11004,5|10|10
11003,30,"{11001,11002}","{1|2,1|3}","{0|1800,1800|3600,3600|99999}","{300|360,240|300,180|240}","{1|2,1|2,1|2}","{11002|11003|11004,11002|11003|11004,11002|11003|11004}","{0|10|10,0|10|10,0|10|10}",7200,10,20,11002|11003|11004,5|10|10
11011,30,"{11011,11012}","{2|4,3|5}","{0|1800,1800|3600,3600|99999}","{300|360,240|300,180|240}","{1|2,1|2,1|2}","{11012,11012|11013|11014,11012|11013|11014}","{10,5|10|10,5|10|10}",7200,10,20,11012|11013|11014,5|10|10
11012,30,"{11011,11012}","{0|1,3|5}","{0|1800,1800|3600,3600|99999}","{300|360,240|300,180|240}","{1|2,1|2,1|2}","{11012|11013|11014,11012|11013|11014,11012|11013|11014}","{0|10|10,0|10|10,0|10|10}",7200,10,20,11012|11013|11014,5|10|10
11013,30,"{11011,11012}","{1|2,1|3}","{0|1800,1800|3600,3600|99999}","{300|360,240|300,180|240}","{1|2,1|2,1|2}","{11012|11013|11014,11012|11013|11014,11012|11013|11014}","{0|10|10,0|10|10,0|10|10}",7200,10,20,11012|11013|11014,5|10|10
11021,30,"{11021,11022}","{2|4,3|5}","{0|1800,1800|3600,3600|99999}","{300|360,240|300,180|240}","{1|2,1|2,1|2}","{11022,11022|11023|11024,11022|11023|11024}","{10,5|10|10,5|10|10}",7200,10,20,11022|11023|11024,5|10|10
11022,30,"{11021,11022}","{0|1,3|5}","{0|1800,1800|3600,3600|99999}","{300|360,240|300,180|240}","{1|2,1|2,1|2}","{11022|11023|11024,11022|11023|11024,11022|11023|11024}","{0|10|10,0|10|10,0|10|10}",7200,10,20,11022|11023|11024,5|10|10
11023,30,"{11021,11022}","{1|2,1|3}","{0|1800,1800|3600,3600|99999}","{300|360,240|300,180|240}","{1|2,1|2,1|2}","{11022|11023|11024,11022|11023|11024,11022|11023|11024}","{0|10|10,0|10|10,0|10|10}",7200,10,20,11022|11023|11024,5|10|10
11031,30,"{11031,11032}","{1|3,10|15}","{0|1800,1800|3600,3600|99999}","{30|60,30|60,30|60}","{3|5,3|5,3|5}","{11032,11032|11033|11034,11032|11033|11034}","{10,5|10|10,5|10|10}",7200,1,20,11032|11033|11034,5|10|10
11032,30,"{11031,11032}","{1|3,10|15}","{0|1800,1800|3600,3600|99999}","{30|60,30|60,30|60}","{3|5,3|5,3|5}","{11032|11033|11034,11032|11033|11034,11032|11033|11034}","{0|10|10,0|10|10,0|10|10}",7200,1,20,11032|11033|11034,5|10|10
11033,30,"{11031,11032}","{1|2,1|3}","{0|1800,1800|3600,3600|99999}","{300|360,240|300,180|240}","{1|2,1|2,1|2}","{11032|11033|11034,11032|11033|11034,11032|11033|11034}","{0|10|10,0|10|10,0|10|10}",7200,1,20,11032|11033|11034,5|10|10
11101,30,"{11101,11102}","{2|4,3|5}","{0|1800,1800|3600,3600|99999}","{300|360,240|300,180|240}","{1|2,1|2,1|2}","{11102,11102|11103|11104,11102|11103|11104}","{10,5|10|10,5|10|10}",7200,10,20,11102|11103|11104,5|10|10
11102,30,"{11101,11102}","{0|1,3|5}","{0|1800,1800|3600,3600|99999}","{300|360,240|300,180|240}","{1|2,1|2,1|2}","{11102|11103|11104,11102|11103|11104,11102|11103|11104}","{0|10|10,0|10|10,0|10|10}",7200,10,20,11102|11103|11104,5|10|10
11103,30,"{11101,11102}","{1|2,1|3}","{0|1800,1800|3600,3600|99999}","{300|360,240|300,180|240}","{1|2,1|2,1|2}","{11102|11103|11104,11102|11103|11104,11102|11103|11104}","{0|10|10,0|10|10,0|10|10}",7200,10,20,11102|11103|11104,5|10|10
11111,30,"{11111,11112}","{2|4,3|5}","{0|1800,1800|3600,3600|99999}","{300|360,240|300,180|240}","{1|2,1|2,1|2}","{11112,11112|11113|11114,11112|11113|11114}","{10,5|10|10,5|10|10}",7200,10,20,11112|11113|11114,5|10|10
11112,30,"{11111,11112}","{0|1,3|5}","{0|1800,1800|3600,3600|99999}","{300|360,240|300,180|240}","{1|2,1|2,1|2}","{11112|11113|11114,11112|11113|11114,11112|11113|11114}","{0|10|10,0|10|10,0|10|10}",7200,10,20,11112|11113|11114,5|10|10
11113,30,"{11111,11112}","{1|2,1|3}","{0|1800,1800|3600,3600|99999}","{300|360,240|300,180|240}","{1|2,1|2,1|2}","{11112|11113|11114,11112|11113|11114,11112|11113|11114}","{0|10|10,0|10|10,0|10|10}",7200,10,20,11112|11113|11114,5|10|10
11121,30,"{11121,11122}","{2|4,3|5}","{0|1800,1800|3600,3600|99999}","{300|360,240|300,180|240}","{1|2,1|2,1|2}","{11122,11122|11123|11124,11122|11123|11124}","{10,5|10|10,5|10|10}",7200,10,20,11122|11123|11124,5|10|10
11122,30,"{11121,11122}","{0|1,3|5}","{0|1800,1800|3600,3600|99999}","{300|360,240|300,180|240}","{1|2,1|2,1|2}","{11122|11123|11124,11122|11123|11124,11122|11123|11124}","{0|10|10,0|10|10,0|10|10}",7200,10,20,11122|11123|11124,5|10|10
11123,30,"{11121,11122}","{1|2,1|3}","{0|1800,1800|3600,3600|99999}","{300|360,240|300,180|240}","{1|2,1|2,1|2}","{11122|11123|11124,11122|11123|11124,11122|11123|11124}","{0|10|10,0|10|10,0|10|10}",7200,10,20,11122|11123|11124,5|10|10
11131,30,"{11131,11132}","{1|3,10|15}","{0|1800,1800|3600,3600|99999}","{30|60,30|60,30|60}","{3|5,3|5,3|5}","{11132,11132|11133|11134,11132|11133|11134}","{10,5|10|10,5|10|10}",7200,1,20,11132|11133|11134,5|10|10
11132,30,"{11131,11132}","{1|3,10|15}","{0|1800,1800|3600,3600|99999}","{30|60,30|60,30|60}","{3|5,3|5,3|5}","{11132|11133|11134,11132|11133|11134,11132|11133|11134}","{0|10|10,0|10|10,0|10|10}",7200,1,20,11132|11133|11134,5|10|10
11133,30,"{11131,11132}","{1|2,1|3}","{0|1800,1800|3600,3600|99999}","{300|360,240|300,180|240}","{1|2,1|2,1|2}","{11132|11133|11134,11132|11133|11134,11132|11133|11134}","{0|10|10,0|10|10,0|10|10}",7200,1,20,11132|11133|11134,5|10|10